<?xml version="1.0" encoding="UTF-8"?>
<metadata xml:lang="pt"><Esri><CreaDate>20170607</CreaDate><CreaTime>17174300</CreaTime><ArcGISFormat>1.0</ArcGISFormat><SyncOnce>TRUE</SyncOnce><DataProperties><lineage><Process ToolSource="c:\program files (x86)\arcgis\desktop10.2\ArcToolbox\Toolboxes\Data Management Tools.tbx\CalculateField" Date="20170607" Time="171743">CalculateField lograd_sp NOME_COMP LTrim( [TIPO] &amp; " " &amp; [NOME] ) VB #</Process></lineage></DataProperties></Esri></metadata>
